id,created_at,updated_at,owner_id,student_id,title,description,start_time,duration_minutes,room_id,recurrence_rule,parent_series_id,is_series_master,reminder_minutes,price,status,deleted_at,label_color
8d0af901-eac9-4489-b9b1-5f72cfc22602,2025-08-17 20:57:40.239579+00,2025-08-17 21:08:03.444795+00,8b8fd42a-aa5b-42b1-83ba-523e9f134d14,3c563dbe-f980-4f86-98c6-7a41c60f7699,тест 1,,2025-08-19 13:00:00+00,60,,"{""pattern"":""custom_weekly"",""weekdays"":[2],""end_type"":""count"",""count"":10}",,t,30,,scheduled,2025-08-17 21:08:03.069+00,#9333ea
de61b3eb-cfa2-46b0-9dbe-532d6f4f18eb,2025-08-17 20:57:40.847259+00,2025-08-17 21:08:03.444795+00,8b8fd42a-aa5b-42b1-83ba-523e9f134d14,3c563dbe-f980-4f86-98c6-7a41c60f7699,тест 1,,2025-09-02 13:00:00+00,60,,"{""pattern"":""custom_weekly"",""weekdays"":[2],""end_type"":""count"",""count"":10}",8d0af901-eac9-4489-b9b1-5f72cfc22602,f,30,,scheduled,2025-08-17 21:08:03.069+00,#9333ea
632db709-b873-4e88-b15f-bb5e5e2a5ff8,2025-08-17 20:57:41.449387+00,2025-08-17 21:08:03.444795+00,8b8fd42a-aa5b-42b1-83ba-523e9f134d14,3c563dbe-f980-4f86-98c6-7a41c60f7699,тест 1,,2025-09-16 13:00:00+00,60,,"{""pattern"":""custom_weekly"",""weekdays"":[2],""end_type"":""count"",""count"":10}",8d0af901-eac9-4489-b9b1-5f72cfc22602,f,30,,scheduled,2025-08-17 21:08:03.069+00,#9333ea
3c687a1e-b63c-4dea-9d67-211b9db73d99,2025-08-17 20:57:42.03741+00,2025-08-17 21:08:03.444795+00,8b8fd42a-aa5b-42b1-83ba-523e9f134d14,3c563dbe-f980-4f86-98c6-7a41c60f7699,тест 1,,2025-09-30 13:00:00+00,60,,"{""pattern"":""custom_weekly"",""weekdays"":[2],""end_type"":""count"",""count"":10}",8d0af901-eac9-4489-b9b1-5f72cfc22602,f,30,,scheduled,2025-08-17 21:08:03.069+00,#9333ea
d50c18c2-a325-4e99-8bf0-ae700edd6cb7,2025-08-17 20:57:42.634125+00,2025-08-17 21:08:03.444795+00,8b8fd42a-aa5b-42b1-83ba-523e9f134d14,3c563dbe-f980-4f86-98c6-7a41c60f7699,тест 1,,2025-10-14 13:00:00+00,60,,"{""pattern"":""custom_weekly"",""weekdays"":[2],""end_type"":""count"",""count"":10}",8d0af901-eac9-4489-b9b1-5f72cfc22602,f,30,,scheduled,2025-08-17 21:08:03.069+00,#9333ea
1cbb872c-4cbf-4f7a-aaeb-090775dd7d91,2025-08-17 21:08:55.284464+00,2025-08-17 21:13:18.630852+00,8b8fd42a-aa5b-42b1-83ba-523e9f134d14,3c563dbe-f980-4f86-98c6-7a41c60f7699,тест нью,,2025-08-24 23:05:00+00,60,,"{""pattern"":""custom_weekly"",""weekdays"":[1],""end_type"":""count"",""count"":12}",3c3638f6-4129-4421-a8c0-7e5ba8e7e339,f,30,,scheduled,2025-08-17 21:13:17.832+00,#3b82f6
4940f8c2-58b5-4006-a6b5-3b240dbe03f7,2025-08-17 21:08:55.787592+00,2025-08-17 21:13:18.630852+00,8b8fd42a-aa5b-42b1-83ba-523e9f134d14,3c563dbe-f980-4f86-98c6-7a41c60f7699,тест нью,,2025-09-07 23:05:00+00,60,,"{""pattern"":""custom_weekly"",""weekdays"":[1],""end_type"":""count"",""count"":12}",3c3638f6-4129-4421-a8c0-7e5ba8e7e339,f,30,,scheduled,2025-08-17 21:13:17.832+00,#3b82f6
cd7f9759-9a0e-49a2-825b-644c39395c2e,2025-08-17 21:08:56.406481+00,2025-08-17 21:13:18.630852+00,8b8fd42a-aa5b-42b1-83ba-523e9f134d14,3c563dbe-f980-4f86-98c6-7a41c60f7699,тест нью,,2025-09-21 23:05:00+00,60,,"{""pattern"":""custom_weekly"",""weekdays"":[1],""end_type"":""count"",""count"":12}",3c3638f6-4129-4421-a8c0-7e5ba8e7e339,f,30,,scheduled,2025-08-17 21:13:17.832+00,#3b82f6
5ae196e5-9133-4325-8c0a-48994ab31885,2025-08-17 21:08:56.987844+00,2025-08-17 21:13:18.630852+00,8b8fd42a-aa5b-42b1-83ba-523e9f134d14,3c563dbe-f980-4f86-98c6-7a41c60f7699,тест нью,,2025-10-05 23:05:00+00,60,,"{""pattern"":""custom_weekly"",""weekdays"":[1],""end_type"":""count"",""count"":12}",3c3638f6-4129-4421-a8c0-7e5ba8e7e339,f,30,,scheduled,2025-08-17 21:13:17.832+00,#3b82f6
1159cc61-56e3-428c-b49c-0f4b98fe26f7,2025-08-17 21:08:57.576921+00,2025-08-17 21:13:18.630852+00,8b8fd42a-aa5b-42b1-83ba-523e9f134d14,3c563dbe-f980-4f86-98c6-7a41c60f7699,тест нью,,2025-10-19 23:05:00+00,60,,"{""pattern"":""custom_weekly"",""weekdays"":[1],""end_type"":""count"",""count"":12}",3c3638f6-4129-4421-a8c0-7e5ba8e7e339,f,30,,scheduled,2025-08-17 21:13:17.832+00,#3b82f6
148bd077-6ec7-41ff-b1cc-31ff4c1c482a,2025-08-17 21:08:58.133193+00,2025-08-17 21:13:18.630852+00,8b8fd42a-aa5b-42b1-83ba-523e9f134d14,3c563dbe-f980-4f86-98c6-7a41c60f7699,тест нью,,2025-11-02 23:05:00+00,60,,"{""pattern"":""custom_weekly"",""weekdays"":[1],""end_type"":""count"",""count"":12}",3c3638f6-4129-4421-a8c0-7e5ba8e7e339,f,30,,scheduled,2025-08-17 21:13:17.832+00,#3b82f6
7e5350d7-a558-41fd-94b6-8d66fe34da1d,2025-08-17 20:25:54.5625+00,2025-08-17 20:27:46.298595+00,8b8fd42a-aa5b-42b1-83ba-523e9f134d14,3c563dbe-f980-4f86-98c6-7a41c60f7699,TEST,,2025-08-20 12:25:00+00,60,,"{""pattern"":""custom_weekly"",""weekdays"":[2,3,4],""end_type"":""until"",""end_date"":""2025-08-31"",""count"":10}",ce995b9e-2c31-4c1d-a803-d91cd0ee611e,f,30,,scheduled,2025-08-17 20:27:45.826+00,#84cc16
28038315-f56d-4285-a507-3b2067d8041d,2025-08-17 20:25:54.924725+00,2025-08-17 20:27:46.298595+00,8b8fd42a-aa5b-42b1-83ba-523e9f134d14,3c563dbe-f980-4f86-98c6-7a41c60f7699,TEST,,2025-08-21 12:25:00+00,60,,"{""pattern"":""custom_weekly"",""weekdays"":[2,3,4],""end_type"":""until"",""end_date"":""2025-08-31"",""count"":10}",ce995b9e-2c31-4c1d-a803-d91cd0ee611e,f,30,,scheduled,2025-08-17 20:27:45.826+00,#84cc16
007514bf-25c6-4a01-b2cc-0daa01ce7e3d,2025-08-17 20:25:55.268786+00,2025-08-17 20:27:46.298595+00,8b8fd42a-aa5b-42b1-83ba-523e9f134d14,3c563dbe-f980-4f86-98c6-7a41c60f7699,TEST,,2025-08-26 12:25:00+00,60,,"{""pattern"":""custom_weekly"",""weekdays"":[2,3,4],""end_type"":""until"",""end_date"":""2025-08-31"",""count"":10}",ce995b9e-2c31-4c1d-a803-d91cd0ee611e,f,30,,scheduled,2025-08-17 20:27:45.826+00,#84cc16
3db3abf1-67e9-430e-9af6-c8d1c7d9b9f7,2025-08-17 20:25:55.527624+00,2025-08-17 20:27:46.298595+00,8b8fd42a-aa5b-42b1-83ba-523e9f134d14,3c563dbe-f980-4f86-98c6-7a41c60f7699,TEST,,2025-08-27 12:25:00+00,60,,"{""pattern"":""custom_weekly"",""weekdays"":[2,3,4],""end_type"":""until"",""end_date"":""2025-08-31"",""count"":10}",ce995b9e-2c31-4c1d-a803-d91cd0ee611e,f,30,,scheduled,2025-08-17 20:27:45.826+00,#84cc16
6ab377c2-e9d0-441e-8e4e-6dde2730f0f3,2025-08-17 20:25:55.881107+00,2025-08-17 20:27:46.298595+00,8b8fd42a-aa5b-42b1-83ba-523e9f134d14,3c563dbe-f980-4f86-98c6-7a41c60f7699,TEST,,2025-08-28 12:25:00+00,60,,"{""pattern"":""custom_weekly"",""weekdays"":[2,3,4],""end_type"":""until"",""end_date"":""2025-08-31"",""count"":10}",ce995b9e-2c31-4c1d-a803-d91cd0ee611e,f,30,,scheduled,2025-08-17 20:27:45.826+00,#84cc16
bd19fc0a-9087-400f-a41c-ac81c7123038,2025-08-17 20:25:54.277955+00,2025-08-17 20:28:02.973311+00,8b8fd42a-aa5b-42b1-83ba-523e9f134d14,3c563dbe-f980-4f86-98c6-7a41c60f7699,TEST,,2025-08-19 12:25:00+00,60,,"{""pattern"":""custom_weekly"",""weekdays"":[2,3,4],""end_type"":""until"",""end_date"":""2025-08-31"",""count"":10}",ce995b9e-2c31-4c1d-a803-d91cd0ee611e,f,30,,scheduled,2025-08-17 20:28:02.548+00,#84cc16
ce995b9e-2c31-4c1d-a803-d91cd0ee611e,2025-08-17 20:25:53.846125+00,2025-08-17 20:28:02.973311+00,8b8fd42a-aa5b-42b1-83ba-523e9f134d14,3c563dbe-f980-4f86-98c6-7a41c60f7699,TEST,,2025-08-17 12:25:00+00,60,,"{""pattern"":""custom_weekly"",""weekdays"":[2,3,4],""end_type"":""until"",""end_date"":""2025-08-31"",""count"":10}",,t,30,,scheduled,2025-08-17 20:28:02.548+00,#84cc16
73a0e725-ad3b-43e6-a6e5-c6505efc8919,2025-08-17 20:30:31.923047+00,2025-08-17 20:31:59.275566+00,8b8fd42a-aa5b-42b1-83ba-523e9f134d14,3c563dbe-f980-4f86-98c6-7a41c60f7699,Тест,,2025-08-17 12:28:00+00,60,,,,f,30,,scheduled,2025-08-17 20:31:59.004+00,#0ea5e9
543f6ea4-d656-4e63-9b69-a2d0c8f67ce3,2025-08-17 20:32:33.708201+00,2025-08-17 20:38:18.007014+00,8b8fd42a-aa5b-42b1-83ba-523e9f134d14,3c563dbe-f980-4f86-98c6-7a41c60f7699,Тест,,2025-08-17 12:32:00+00,60,,"{""pattern"":""custom_weekly"",""weekdays"":[1,3,5],""end_type"":""until"",""end_date"":""2025-09-01"",""count"":10}",,t,30,,scheduled,2025-08-17 20:38:17.71+00,#84cc16
060f7bfd-6a60-43a6-96e8-2ea1fbd7860d,2025-08-17 20:32:34.577176+00,2025-08-17 20:41:36.66491+00,8b8fd42a-aa5b-42b1-83ba-523e9f134d14,3c563dbe-f980-4f86-98c6-7a41c60f7699,Тест,,2025-08-22 12:32:00+00,60,,"{""pattern"":""custom_weekly"",""weekdays"":[1,3,5],""end_type"":""until"",""end_date"":""2025-09-01"",""count"":10}",543f6ea4-d656-4e63-9b69-a2d0c8f67ce3,f,30,,scheduled,2025-08-17 20:41:36.252+00,#84cc16
b9f342cb-1b01-4a9e-8e29-86ed25fc70ff,2025-08-17 20:32:34.864793+00,2025-08-17 20:41:36.66491+00,8b8fd42a-aa5b-42b1-83ba-523e9f134d14,3c563dbe-f980-4f86-98c6-7a41c60f7699,Тест,,2025-08-25 12:32:00+00,60,,"{""pattern"":""custom_weekly"",""weekdays"":[1,3,5],""end_type"":""until"",""end_date"":""2025-09-01"",""count"":10}",543f6ea4-d656-4e63-9b69-a2d0c8f67ce3,f,30,,scheduled,2025-08-17 20:41:36.252+00,#84cc16
fbd40720-d489-4c51-adf7-f8ff696908a0,2025-08-17 20:32:35.592954+00,2025-08-17 20:41:36.66491+00,8b8fd42a-aa5b-42b1-83ba-523e9f134d14,3c563dbe-f980-4f86-98c6-7a41c60f7699,Тест,,2025-08-29 12:32:00+00,60,,"{""pattern"":""custom_weekly"",""weekdays"":[1,3,5],""end_type"":""until"",""end_date"":""2025-09-01"",""count"":10}",543f6ea4-d656-4e63-9b69-a2d0c8f67ce3,f,30,,scheduled,2025-08-17 20:41:36.252+00,#84cc16
803c3827-ee60-4d97-ba3d-76eff8ebe023,2025-08-17 20:32:34.063006+00,2025-08-17 20:42:06.181979+00,8b8fd42a-aa5b-42b1-83ba-523e9f134d14,3c563dbe-f980-4f86-98c6-7a41c60f7699,Тест,,2025-08-18 12:32:00+00,60,,"{""pattern"":""custom_weekly"",""weekdays"":[1,3,5],""end_type"":""until"",""end_date"":""2025-09-01"",""count"":10}",543f6ea4-d656-4e63-9b69-a2d0c8f67ce3,f,30,,scheduled,2025-08-17 20:42:05.935+00,#84cc16
af519e23-957e-41f0-a9cb-e611817ad6d0,2025-08-17 20:32:34.340147+00,2025-08-17 20:42:11.233221+00,8b8fd42a-aa5b-42b1-83ba-523e9f134d14,3c563dbe-f980-4f86-98c6-7a41c60f7699,Тест,,2025-08-20 12:32:00+00,60,,"{""pattern"":""custom_weekly"",""weekdays"":[1,3,5],""end_type"":""until"",""end_date"":""2025-09-01"",""count"":10}",543f6ea4-d656-4e63-9b69-a2d0c8f67ce3,f,30,,scheduled,2025-08-17 20:42:10.767+00,#84cc16
23664f15-c2bc-4fb1-bd03-128ecfeea346,2025-08-17 20:32:35.225134+00,2025-08-17 20:41:36.66491+00,8b8fd42a-aa5b-42b1-83ba-523e9f134d14,3c563dbe-f980-4f86-98c6-7a41c60f7699,Тест,,2025-08-27 12:32:00+00,60,,"{""pattern"":""custom_weekly"",""weekdays"":[1,3,5],""end_type"":""until"",""end_date"":""2025-09-01"",""count"":10}",543f6ea4-d656-4e63-9b69-a2d0c8f67ce3,f,30,,scheduled,2025-08-17 20:41:36.252+00,#84cc16
62667d6a-c218-44fc-8fce-038ef82b42b7,2025-08-17 20:32:35.846918+00,2025-08-17 20:41:36.66491+00,8b8fd42a-aa5b-42b1-83ba-523e9f134d14,3c563dbe-f980-4f86-98c6-7a41c60f7699,Тест,,2025-09-01 12:32:00+00,60,,"{""pattern"":""custom_weekly"",""weekdays"":[1,3,5],""end_type"":""until"",""end_date"":""2025-09-01"",""count"":10}",543f6ea4-d656-4e63-9b69-a2d0c8f67ce3,f,30,,scheduled,2025-08-17 20:41:36.252+00,#84cc16
0712c6dc-bbe4-47db-8998-99f820c78821,2025-08-17 20:53:47.854861+00,2025-08-17 21:08:03.444795+00,8b8fd42a-aa5b-42b1-83ba-523e9f134d14,3c563dbe-f980-4f86-98c6-7a41c60f7699,Тест,,2025-08-20 12:53:00+00,60,,"{""pattern"":""custom_weekly"",""weekdays"":[1,2,3],""end_type"":""until"",""end_date"":""2025-09-01"",""count"":10}",f729bd0c-c689-4106-bc96-23039b2fb1ef,f,30,,scheduled,2025-08-17 21:08:03.069+00,#ec4899
f1757285-4e5f-4878-bff0-79b186532805,2025-08-17 20:53:48.114689+00,2025-08-17 21:08:03.444795+00,8b8fd42a-aa5b-42b1-83ba-523e9f134d14,3c563dbe-f980-4f86-98c6-7a41c60f7699,Тест,,2025-08-25 12:53:00+00,60,,"{""pattern"":""custom_weekly"",""weekdays"":[1,2,3],""end_type"":""until"",""end_date"":""2025-09-01"",""count"":10}",f729bd0c-c689-4106-bc96-23039b2fb1ef,f,30,,scheduled,2025-08-17 21:08:03.069+00,#ec4899
ac1b4113-ba9f-4717-bc29-f71b50f291b6,2025-08-17 20:57:40.576576+00,2025-08-17 21:08:03.444795+00,8b8fd42a-aa5b-42b1-83ba-523e9f134d14,3c563dbe-f980-4f86-98c6-7a41c60f7699,тест 1,,2025-08-26 13:00:00+00,60,,"{""pattern"":""custom_weekly"",""weekdays"":[2],""end_type"":""count"",""count"":10}",8d0af901-eac9-4489-b9b1-5f72cfc22602,f,30,,scheduled,2025-08-17 21:08:03.069+00,#9333ea
3d7de71a-4693-46d8-a26c-03dd06505e25,2025-08-17 20:53:48.75359+00,2025-08-17 21:08:03.444795+00,8b8fd42a-aa5b-42b1-83ba-523e9f134d14,3c563dbe-f980-4f86-98c6-7a41c60f7699,Тест,,2025-08-27 12:53:00+00,60,,"{""pattern"":""custom_weekly"",""weekdays"":[1,2,3],""end_type"":""until"",""end_date"":""2025-09-01"",""count"":10}",f729bd0c-c689-4106-bc96-23039b2fb1ef,f,30,,scheduled,2025-08-17 21:08:03.069+00,#ec4899
ac0c8f92-c0c9-486b-8691-4cd4a8d6ce8c,2025-08-17 20:43:09.566458+00,2025-08-17 20:43:30.683983+00,8b8fd42a-aa5b-42b1-83ba-523e9f134d14,3c563dbe-f980-4f86-98c6-7a41c60f7699,Тест,,2025-08-20 09:15:00+00,60,,"{""pattern"":""custom_weekly"",""weekdays"":[1,3,4],""end_type"":""until"",""end_date"":""2025-09-01"",""count"":10}",fe2a9391-4dae-4a07-96c6-b41b4fbaa1b6,f,30,,scheduled,2025-08-17 20:43:30.286+00,#f59e0b
9c1bdd2f-b7c6-4c95-a86a-e2fd10486292,2025-08-17 20:43:09.941751+00,2025-08-17 20:43:30.683983+00,8b8fd42a-aa5b-42b1-83ba-523e9f134d14,3c563dbe-f980-4f86-98c6-7a41c60f7699,Тест,,2025-08-21 09:15:00+00,60,,"{""pattern"":""custom_weekly"",""weekdays"":[1,3,4],""end_type"":""until"",""end_date"":""2025-09-01"",""count"":10}",fe2a9391-4dae-4a07-96c6-b41b4fbaa1b6,f,30,,scheduled,2025-08-17 20:43:30.286+00,#f59e0b
c3c86af9-7424-4a0d-89b3-a412e0c192e8,2025-08-17 20:43:10.304359+00,2025-08-17 20:43:30.683983+00,8b8fd42a-aa5b-42b1-83ba-523e9f134d14,3c563dbe-f980-4f86-98c6-7a41c60f7699,Тест,,2025-08-25 09:15:00+00,60,,"{""pattern"":""custom_weekly"",""weekdays"":[1,3,4],""end_type"":""until"",""end_date"":""2025-09-01"",""count"":10}",fe2a9391-4dae-4a07-96c6-b41b4fbaa1b6,f,30,,scheduled,2025-08-17 20:43:30.286+00,#f59e0b
e9469855-d9c4-404d-8aff-4651b0bf84b6,2025-08-17 20:43:10.684477+00,2025-08-17 20:43:30.683983+00,8b8fd42a-aa5b-42b1-83ba-523e9f134d14,3c563dbe-f980-4f86-98c6-7a41c60f7699,Тест,,2025-08-27 09:15:00+00,60,,"{""pattern"":""custom_weekly"",""weekdays"":[1,3,4],""end_type"":""until"",""end_date"":""2025-09-01"",""count"":10}",fe2a9391-4dae-4a07-96c6-b41b4fbaa1b6,f,30,,scheduled,2025-08-17 20:43:30.286+00,#f59e0b
81bc3948-986d-45ea-9057-decff557a310,2025-08-17 20:43:11.00281+00,2025-08-17 20:43:30.683983+00,8b8fd42a-aa5b-42b1-83ba-523e9f134d14,3c563dbe-f980-4f86-98c6-7a41c60f7699,Тест,,2025-08-28 09:15:00+00,60,,"{""pattern"":""custom_weekly"",""weekdays"":[1,3,4],""end_type"":""until"",""end_date"":""2025-09-01"",""count"":10}",fe2a9391-4dae-4a07-96c6-b41b4fbaa1b6,f,30,,scheduled,2025-08-17 20:43:30.286+00,#f59e0b
fa176528-ac9a-4c95-b162-300fbb331def,2025-08-17 20:43:11.398468+00,2025-08-17 20:43:30.683983+00,8b8fd42a-aa5b-42b1-83ba-523e9f134d14,3c563dbe-f980-4f86-98c6-7a41c60f7699,Тест,,2025-09-01 09:15:00+00,60,,"{""pattern"":""custom_weekly"",""weekdays"":[1,3,4],""end_type"":""until"",""end_date"":""2025-09-01"",""count"":10}",fe2a9391-4dae-4a07-96c6-b41b4fbaa1b6,f,30,,scheduled,2025-08-17 20:43:30.286+00,#f59e0b
fe2a9391-4dae-4a07-96c6-b41b4fbaa1b6,2025-08-17 20:43:09.164217+00,2025-08-17 20:53:16.26311+00,8b8fd42a-aa5b-42b1-83ba-523e9f134d14,3c563dbe-f980-4f86-98c6-7a41c60f7699,Тест,,2025-08-18 09:15:00+00,60,,"{""pattern"":""custom_weekly"",""weekdays"":[1,3,4],""end_type"":""until"",""end_date"":""2025-09-01"",""count"":10}",,t,30,,scheduled,2025-08-17 20:53:15.785+00,#f59e0b
f485a707-ac57-49e9-940d-c805e890c92d,2025-08-17 20:53:49.035391+00,2025-08-17 21:08:03.444795+00,8b8fd42a-aa5b-42b1-83ba-523e9f134d14,3c563dbe-f980-4f86-98c6-7a41c60f7699,Тест,,2025-09-01 12:53:00+00,60,,"{""pattern"":""custom_weekly"",""weekdays"":[1,2,3],""end_type"":""until"",""end_date"":""2025-09-01"",""count"":10}",f729bd0c-c689-4106-bc96-23039b2fb1ef,f,30,,scheduled,2025-08-17 21:08:03.069+00,#ec4899
aaadb5db-86af-478b-b531-ac182231dc56,2025-08-17 20:57:41.154902+00,2025-08-17 21:08:03.444795+00,8b8fd42a-aa5b-42b1-83ba-523e9f134d14,3c563dbe-f980-4f86-98c6-7a41c60f7699,тест 1,,2025-09-09 13:00:00+00,60,,"{""pattern"":""custom_weekly"",""weekdays"":[2],""end_type"":""count"",""count"":10}",8d0af901-eac9-4489-b9b1-5f72cfc22602,f,30,,scheduled,2025-08-17 21:08:03.069+00,#9333ea
f81432b3-5bab-4869-b0b3-b6df8c570eb2,2025-08-17 20:53:47.534628+00,2025-08-17 20:54:32.393701+00,8b8fd42a-aa5b-42b1-83ba-523e9f134d14,3c563dbe-f980-4f86-98c6-7a41c60f7699,Тест,,2025-08-19 12:53:00+00,60,,"{""pattern"":""custom_weekly"",""weekdays"":[1,2,3],""end_type"":""until"",""end_date"":""2025-09-01"",""count"":10}",f729bd0c-c689-4106-bc96-23039b2fb1ef,f,30,,scheduled,2025-08-17 20:54:31.801+00,#ec4899
6edca43e-edca-43cb-8b99-0fbdfe133aa3,2025-08-17 20:53:48.456927+00,2025-08-17 20:54:32.393701+00,8b8fd42a-aa5b-42b1-83ba-523e9f134d14,3c563dbe-f980-4f86-98c6-7a41c60f7699,Тест,,2025-08-26 12:53:00+00,60,,"{""pattern"":""custom_weekly"",""weekdays"":[1,2,3],""end_type"":""until"",""end_date"":""2025-09-01"",""count"":10}",f729bd0c-c689-4106-bc96-23039b2fb1ef,f,30,,scheduled,2025-08-17 20:54:31.801+00,#ec4899
1e3e7d22-9dac-4f0d-a737-30f9db239112,2025-08-17 20:57:41.764995+00,2025-08-17 21:08:03.444795+00,8b8fd42a-aa5b-42b1-83ba-523e9f134d14,3c563dbe-f980-4f86-98c6-7a41c60f7699,тест 1,,2025-09-23 13:00:00+00,60,,"{""pattern"":""custom_weekly"",""weekdays"":[2],""end_type"":""count"",""count"":10}",8d0af901-eac9-4489-b9b1-5f72cfc22602,f,30,,scheduled,2025-08-17 21:08:03.069+00,#9333ea
82864b94-d20c-4c78-9eed-5fcfd66e4bd0,2025-08-17 20:57:42.300836+00,2025-08-17 21:08:03.444795+00,8b8fd42a-aa5b-42b1-83ba-523e9f134d14,3c563dbe-f980-4f86-98c6-7a41c60f7699,тест 1,,2025-10-07 13:00:00+00,60,,"{""pattern"":""custom_weekly"",""weekdays"":[2],""end_type"":""count"",""count"":10}",8d0af901-eac9-4489-b9b1-5f72cfc22602,f,30,,scheduled,2025-08-17 21:08:03.069+00,#9333ea
92750c7c-40f5-40e2-8808-43fb9a87802d,2025-08-17 20:57:42.93345+00,2025-08-17 21:08:03.444795+00,8b8fd42a-aa5b-42b1-83ba-523e9f134d14,3c563dbe-f980-4f86-98c6-7a41c60f7699,тест 1,,2025-10-21 13:00:00+00,60,,"{""pattern"":""custom_weekly"",""weekdays"":[2],""end_type"":""count"",""count"":10}",8d0af901-eac9-4489-b9b1-5f72cfc22602,f,30,,scheduled,2025-08-17 21:08:03.069+00,#9333ea
30953029-adf5-4138-8ff6-cb3edcce53f1,2025-08-17 21:11:21.947473+00,2025-08-17 21:12:03.403292+00,8b8fd42a-aa5b-42b1-83ba-523e9f134d14,3c563dbe-f980-4f86-98c6-7a41c60f7699,ТЕСТ,,2025-08-25 11:00:00+00,60,,"{""pattern"":""custom_weekly"",""weekdays"":[1,2],""end_type"":""count"",""count"":10}",a80d2656-4039-44ed-839b-7d29679da09e,f,30,,scheduled,2025-08-17 21:12:02.701+00,#ef4444
1ed3c148-aba2-4476-aef6-5309ba62aadf,2025-08-17 21:11:22.624773+00,2025-08-17 21:12:03.403292+00,8b8fd42a-aa5b-42b1-83ba-523e9f134d14,3c563dbe-f980-4f86-98c6-7a41c60f7699,ТЕСТ,,2025-09-01 11:00:00+00,60,,"{""pattern"":""custom_weekly"",""weekdays"":[1,2],""end_type"":""count"",""count"":10}",a80d2656-4039-44ed-839b-7d29679da09e,f,30,,scheduled,2025-08-17 21:12:02.701+00,#ef4444
2f399dfe-6052-430b-b27e-a8df8ef5ed70,2025-08-17 21:11:23.273989+00,2025-08-17 21:12:03.403292+00,8b8fd42a-aa5b-42b1-83ba-523e9f134d14,3c563dbe-f980-4f86-98c6-7a41c60f7699,ТЕСТ,,2025-09-08 11:00:00+00,60,,"{""pattern"":""custom_weekly"",""weekdays"":[1,2],""end_type"":""count"",""count"":10}",a80d2656-4039-44ed-839b-7d29679da09e,f,30,,scheduled,2025-08-17 21:12:02.701+00,#ef4444
80b0f3ce-5c42-43cb-95f9-c37461bbba52,2025-08-17 21:11:23.92252+00,2025-08-17 21:12:03.403292+00,8b8fd42a-aa5b-42b1-83ba-523e9f134d14,3c563dbe-f980-4f86-98c6-7a41c60f7699,ТЕСТ,,2025-09-15 11:00:00+00,60,,"{""pattern"":""custom_weekly"",""weekdays"":[1,2],""end_type"":""count"",""count"":10}",a80d2656-4039-44ed-839b-7d29679da09e,f,30,,scheduled,2025-08-17 21:12:02.701+00,#ef4444
f729bd0c-c689-4106-bc96-23039b2fb1ef,2025-08-17 20:53:47.180543+00,2025-08-17 21:13:18.630852+00,8b8fd42a-aa5b-42b1-83ba-523e9f134d14,3c563dbe-f980-4f86-98c6-7a41c60f7699,Тест,,2025-08-18 12:53:00+00,60,,"{""pattern"":""custom_weekly"",""weekdays"":[1,2,3],""end_type"":""until"",""end_date"":""2025-09-01"",""count"":10}",,t,30,,scheduled,2025-08-17 21:13:17.832+00,#ec4899
4970106d-2e09-49e1-8ba1-ddc6851cd509,2025-08-17 20:56:36.825443+00,2025-08-17 20:58:58.860566+00,8b8fd42a-aa5b-42b1-83ba-523e9f134d14,3c563dbe-f980-4f86-98c6-7a41c60f7699,Тест 2,,2025-12-16 15:00:00+00,60,,"{""pattern"":""custom_weekly"",""weekdays"":[2],""end_type"":""never"",""count"":10}",e2733239-3e7e-4d21-a019-1f778f202a3d,f,30,,scheduled,2025-08-17 20:58:58.484+00,#3b82f6
32cbd3d4-e996-4027-9683-6724543ed0d8,2025-08-17 20:56:37.308788+00,2025-08-17 20:58:58.860566+00,8b8fd42a-aa5b-42b1-83ba-523e9f134d14,3c563dbe-f980-4f86-98c6-7a41c60f7699,Тест 2,,2025-12-30 15:00:00+00,60,,"{""pattern"":""custom_weekly"",""weekdays"":[2],""end_type"":""never"",""count"":10}",e2733239-3e7e-4d21-a019-1f778f202a3d,f,30,,scheduled,2025-08-17 20:58:58.484+00,#3b82f6
881ef09b-dabd-488c-867f-cae69fab1077,2025-08-17 20:56:37.601733+00,2025-08-17 20:58:58.860566+00,8b8fd42a-aa5b-42b1-83ba-523e9f134d14,3c563dbe-f980-4f86-98c6-7a41c60f7699,Тест 2,,2026-01-06 15:00:00+00,60,,"{""pattern"":""custom_weekly"",""weekdays"":[2],""end_type"":""never"",""count"":10}",e2733239-3e7e-4d21-a019-1f778f202a3d,f,30,,scheduled,2025-08-17 20:58:58.484+00,#3b82f6
562040e7-cbf0-472d-abba-5c9d4af10788,2025-08-17 20:56:37.870136+00,2025-08-17 20:58:58.860566+00,8b8fd42a-aa5b-42b1-83ba-523e9f134d14,3c563dbe-f980-4f86-98c6-7a41c60f7699,Тест 2,,2026-01-13 15:00:00+00,60,,"{""pattern"":""custom_weekly"",""weekdays"":[2],""end_type"":""never"",""count"":10}",e2733239-3e7e-4d21-a019-1f778f202a3d,f,30,,scheduled,2025-08-17 20:58:58.484+00,#3b82f6
2df5644e-3a71-4f98-ae74-d2adccf8a350,2025-08-17 20:56:38.162926+00,2025-08-17 20:58:58.860566+00,8b8fd42a-aa5b-42b1-83ba-523e9f134d14,3c563dbe-f980-4f86-98c6-7a41c60f7699,Тест 2,,2026-01-20 15:00:00+00,60,,"{""pattern"":""custom_weekly"",""weekdays"":[2],""end_type"":""never"",""count"":10}",e2733239-3e7e-4d21-a019-1f778f202a3d,f,30,,scheduled,2025-08-17 20:58:58.484+00,#3b82f6
ba62adbc-2217-4172-8cec-a605c8b12f98,2025-08-17 20:56:38.402358+00,2025-08-17 20:58:58.860566+00,8b8fd42a-aa5b-42b1-83ba-523e9f134d14,3c563dbe-f980-4f86-98c6-7a41c60f7699,Тест 2,,2026-01-27 15:00:00+00,60,,"{""pattern"":""custom_weekly"",""weekdays"":[2],""end_type"":""never"",""count"":10}",e2733239-3e7e-4d21-a019-1f778f202a3d,f,30,,scheduled,2025-08-17 20:58:58.484+00,#3b82f6
9b97dcf0-7f30-49a2-98d1-bf45ffafe397,2025-08-17 20:56:38.603873+00,2025-08-17 20:58:58.860566+00,8b8fd42a-aa5b-42b1-83ba-523e9f134d14,3c563dbe-f980-4f86-98c6-7a41c60f7699,Тест 2,,2026-02-03 15:00:00+00,60,,"{""pattern"":""custom_weekly"",""weekdays"":[2],""end_type"":""never"",""count"":10}",e2733239-3e7e-4d21-a019-1f778f202a3d,f,30,,scheduled,2025-08-17 20:58:58.484+00,#3b82f6
4cfb0568-bb72-46f7-af35-756e3a4ae9e1,2025-08-17 20:56:38.88571+00,2025-08-17 20:58:58.860566+00,8b8fd42a-aa5b-42b1-83ba-523e9f134d14,3c563dbe-f980-4f86-98c6-7a41c60f7699,Тест 2,,2026-02-10 15:00:00+00,60,,"{""pattern"":""custom_weekly"",""weekdays"":[2],""end_type"":""never"",""count"":10}",e2733239-3e7e-4d21-a019-1f778f202a3d,f,30,,scheduled,2025-08-17 20:58:58.484+00,#3b82f6
2b329e21-b7dd-47cb-b96c-1239535a048f,2025-08-17 20:56:39.125693+00,2025-08-17 20:58:58.860566+00,8b8fd42a-aa5b-42b1-83ba-523e9f134d14,3c563dbe-f980-4f86-98c6-7a41c60f7699,Тест 2,,2026-02-17 15:00:00+00,60,,"{""pattern"":""custom_weekly"",""weekdays"":[2],""end_type"":""never"",""count"":10}",e2733239-3e7e-4d21-a019-1f778f202a3d,f,30,,scheduled,2025-08-17 20:58:58.484+00,#3b82f6
f35a0edc-6494-4b51-97ff-e8c6a8d16a36,2025-08-17 20:56:39.450909+00,2025-08-17 20:58:58.860566+00,8b8fd42a-aa5b-42b1-83ba-523e9f134d14,3c563dbe-f980-4f86-98c6-7a41c60f7699,Тест 2,,2026-02-24 15:00:00+00,60,,"{""pattern"":""custom_weekly"",""weekdays"":[2],""end_type"":""never"",""count"":10}",e2733239-3e7e-4d21-a019-1f778f202a3d,f,30,,scheduled,2025-08-17 20:58:58.484+00,#3b82f6
c3da191c-3a4d-4ed6-8366-46aceb3814a1,2025-08-17 20:56:39.728109+00,2025-08-17 20:58:58.860566+00,8b8fd42a-aa5b-42b1-83ba-523e9f134d14,3c563dbe-f980-4f86-98c6-7a41c60f7699,Тест 2,,2026-03-03 15:00:00+00,60,,"{""pattern"":""custom_weekly"",""weekdays"":[2],""end_type"":""never"",""count"":10}",e2733239-3e7e-4d21-a019-1f778f202a3d,f,30,,scheduled,2025-08-17 20:58:58.484+00,#3b82f6
1cbd01fc-8299-48aa-acda-ac1e36982fb7,2025-08-17 20:56:39.91053+00,2025-08-17 20:58:58.860566+00,8b8fd42a-aa5b-42b1-83ba-523e9f134d14,3c563dbe-f980-4f86-98c6-7a41c60f7699,Тест 2,,2026-03-10 15:00:00+00,60,,"{""pattern"":""custom_weekly"",""weekdays"":[2],""end_type"":""never"",""count"":10}",e2733239-3e7e-4d21-a019-1f778f202a3d,f,30,,scheduled,2025-08-17 20:58:58.484+00,#3b82f6
2770e5be-da43-4252-b91b-b660c0350b18,2025-08-17 20:56:40.157669+00,2025-08-17 20:58:58.860566+00,8b8fd42a-aa5b-42b1-83ba-523e9f134d14,3c563dbe-f980-4f86-98c6-7a41c60f7699,Тест 2,,2026-03-17 15:00:00+00,60,,"{""pattern"":""custom_weekly"",""weekdays"":[2],""end_type"":""never"",""count"":10}",e2733239-3e7e-4d21-a019-1f778f202a3d,f,30,,scheduled,2025-08-17 20:58:58.484+00,#3b82f6
d27e6ee7-1d55-4237-89f3-9a7253e4b6c7,2025-08-17 20:56:40.423974+00,2025-08-17 20:58:58.860566+00,8b8fd42a-aa5b-42b1-83ba-523e9f134d14,3c563dbe-f980-4f86-98c6-7a41c60f7699,Тест 2,,2026-03-24 15:00:00+00,60,,"{""pattern"":""custom_weekly"",""weekdays"":[2],""end_type"":""never"",""count"":10}",e2733239-3e7e-4d21-a019-1f778f202a3d,f,30,,scheduled,2025-08-17 20:58:58.484+00,#3b82f6
48a23763-5ab8-4105-bc3b-8ad3aabf8e82,2025-08-17 20:56:40.638481+00,2025-08-17 20:58:58.860566+00,8b8fd42a-aa5b-42b1-83ba-523e9f134d14,3c563dbe-f980-4f86-98c6-7a41c60f7699,Тест 2,,2026-03-31 15:00:00+00,60,,"{""pattern"":""custom_weekly"",""weekdays"":[2],""end_type"":""never"",""count"":10}",e2733239-3e7e-4d21-a019-1f778f202a3d,f,30,,scheduled,2025-08-17 20:58:58.484+00,#3b82f6
0639d892-2ba4-4167-a3e3-c60cacef7135,2025-08-17 20:56:40.894005+00,2025-08-17 20:58:58.860566+00,8b8fd42a-aa5b-42b1-83ba-523e9f134d14,3c563dbe-f980-4f86-98c6-7a41c60f7699,Тест 2,,2026-04-07 15:00:00+00,60,,"{""pattern"":""custom_weekly"",""weekdays"":[2],""end_type"":""never"",""count"":10}",e2733239-3e7e-4d21-a019-1f778f202a3d,f,30,,scheduled,2025-08-17 20:58:58.484+00,#3b82f6
2dd228a5-025e-4a1a-8bf2-ba35b92d5786,2025-08-17 20:56:41.154805+00,2025-08-17 20:58:58.860566+00,8b8fd42a-aa5b-42b1-83ba-523e9f134d14,3c563dbe-f980-4f86-98c6-7a41c60f7699,Тест 2,,2026-04-14 15:00:00+00,60,,"{""pattern"":""custom_weekly"",""weekdays"":[2],""end_type"":""never"",""count"":10}",e2733239-3e7e-4d21-a019-1f778f202a3d,f,30,,scheduled,2025-08-17 20:58:58.484+00,#3b82f6
9fb3b7c3-f892-4b40-8a3d-3d33f889c9ca,2025-08-17 20:56:41.477165+00,2025-08-17 20:58:58.860566+00,8b8fd42a-aa5b-42b1-83ba-523e9f134d14,3c563dbe-f980-4f86-98c6-7a41c60f7699,Тест 2,,2026-04-21 15:00:00+00,60,,"{""pattern"":""custom_weekly"",""weekdays"":[2],""end_type"":""never"",""count"":10}",e2733239-3e7e-4d21-a019-1f778f202a3d,f,30,,scheduled,2025-08-17 20:58:58.484+00,#3b82f6
8a2d667c-b7c2-4157-a8de-95e95d57a6f0,2025-08-17 20:55:50.818733+00,2025-08-17 20:57:14.237975+00,8b8fd42a-aa5b-42b1-83ba-523e9f134d14,3c563dbe-f980-4f86-98c6-7a41c60f7699,Тест,,2025-12-02 13:00:00+00,60,,"{""pattern"":""custom_weekly"",""weekdays"":[2],""end_type"":""never"",""count"":10}",b33f820f-a588-45e6-9291-d08e4816d8ef,f,30,,scheduled,2025-08-17 20:57:13.617+00,#9333ea
c958e234-fd81-44fc-8fb7-d48e8e9376d8,2025-08-17 20:55:51.480945+00,2025-08-17 20:57:14.237975+00,8b8fd42a-aa5b-42b1-83ba-523e9f134d14,3c563dbe-f980-4f86-98c6-7a41c60f7699,Тест,,2025-12-16 13:00:00+00,60,,"{""pattern"":""custom_weekly"",""weekdays"":[2],""end_type"":""never"",""count"":10}",b33f820f-a588-45e6-9291-d08e4816d8ef,f,30,,scheduled,2025-08-17 20:57:13.617+00,#9333ea
1ec875da-50cc-4b42-8d67-dbfde4318d35,2025-08-17 20:55:52.094509+00,2025-08-17 20:57:14.237975+00,8b8fd42a-aa5b-42b1-83ba-523e9f134d14,3c563dbe-f980-4f86-98c6-7a41c60f7699,Тест,,2025-12-30 13:00:00+00,60,,"{""pattern"":""custom_weekly"",""weekdays"":[2],""end_type"":""never"",""count"":10}",b33f820f-a588-45e6-9291-d08e4816d8ef,f,30,,scheduled,2025-08-17 20:57:13.617+00,#9333ea
7684a5a8-0337-4cac-9b6b-b7d2e33f2d0b,2025-08-17 20:55:52.803247+00,2025-08-17 20:57:14.237975+00,8b8fd42a-aa5b-42b1-83ba-523e9f134d14,3c563dbe-f980-4f86-98c6-7a41c60f7699,Тест,,2026-01-13 13:00:00+00,60,,"{""pattern"":""custom_weekly"",""weekdays"":[2],""end_type"":""never"",""count"":10}",b33f820f-a588-45e6-9291-d08e4816d8ef,f,30,,scheduled,2025-08-17 20:57:13.617+00,#9333ea
e47774ba-85eb-4cb3-929d-a1d999e9faa0,2025-08-17 20:55:53.34387+00,2025-08-17 20:57:14.237975+00,8b8fd42a-aa5b-42b1-83ba-523e9f134d14,3c563dbe-f980-4f86-98c6-7a41c60f7699,Тест,,2026-01-27 13:00:00+00,60,,"{""pattern"":""custom_weekly"",""weekdays"":[2],""end_type"":""never"",""count"":10}",b33f820f-a588-45e6-9291-d08e4816d8ef,f,30,,scheduled,2025-08-17 20:57:13.617+00,#9333ea
d515a28e-d398-48da-8dd6-e5ffe9acb9f4,2025-08-17 20:55:53.995476+00,2025-08-17 20:57:14.237975+00,8b8fd42a-aa5b-42b1-83ba-523e9f134d14,3c563dbe-f980-4f86-98c6-7a41c60f7699,Тест,,2026-02-10 13:00:00+00,60,,"{""pattern"":""custom_weekly"",""weekdays"":[2],""end_type"":""never"",""count"":10}",b33f820f-a588-45e6-9291-d08e4816d8ef,f,30,,scheduled,2025-08-17 20:57:13.617+00,#9333ea
accf417f-5ae4-453f-9e32-a8f193e2d8b5,2025-08-17 20:55:54.752603+00,2025-08-17 20:57:14.237975+00,8b8fd42a-aa5b-42b1-83ba-523e9f134d14,3c563dbe-f980-4f86-98c6-7a41c60f7699,Тест,,2026-02-24 13:00:00+00,60,,"{""pattern"":""custom_weekly"",""weekdays"":[2],""end_type"":""never"",""count"":10}",b33f820f-a588-45e6-9291-d08e4816d8ef,f,30,,scheduled,2025-08-17 20:57:13.617+00,#9333ea
f2d06ff0-1d4f-42f3-bd16-005aa9417cab,2025-08-17 20:55:55.292613+00,2025-08-17 20:57:14.237975+00,8b8fd42a-aa5b-42b1-83ba-523e9f134d14,3c563dbe-f980-4f86-98c6-7a41c60f7699,Тест,,2026-03-10 13:00:00+00,60,,"{""pattern"":""custom_weekly"",""weekdays"":[2],""end_type"":""never"",""count"":10}",b33f820f-a588-45e6-9291-d08e4816d8ef,f,30,,scheduled,2025-08-17 20:57:13.617+00,#9333ea
250a2922-387b-4e00-b057-aefb72fd1e46,2025-08-17 20:55:55.879918+00,2025-08-17 20:57:14.237975+00,8b8fd42a-aa5b-42b1-83ba-523e9f134d14,3c563dbe-f980-4f86-98c6-7a41c60f7699,Тест,,2026-03-24 13:00:00+00,60,,"{""pattern"":""custom_weekly"",""weekdays"":[2],""end_type"":""never"",""count"":10}",b33f820f-a588-45e6-9291-d08e4816d8ef,f,30,,scheduled,2025-08-17 20:57:13.617+00,#9333ea
deb38cc3-105b-4736-90f1-0e2a3f4e5151,2025-08-17 20:55:56.538634+00,2025-08-17 20:57:14.237975+00,8b8fd42a-aa5b-42b1-83ba-523e9f134d14,3c563dbe-f980-4f86-98c6-7a41c60f7699,Тест,,2026-04-07 13:00:00+00,60,,"{""pattern"":""custom_weekly"",""weekdays"":[2],""end_type"":""never"",""count"":10}",b33f820f-a588-45e6-9291-d08e4816d8ef,f,30,,scheduled,2025-08-17 20:57:13.617+00,#9333ea
a542ff0f-b16f-441c-af74-d7c5d25a50eb,2025-08-17 20:55:57.103978+00,2025-08-17 20:57:14.237975+00,8b8fd42a-aa5b-42b1-83ba-523e9f134d14,3c563dbe-f980-4f86-98c6-7a41c60f7699,Тест,,2026-04-21 13:00:00+00,60,,"{""pattern"":""custom_weekly"",""weekdays"":[2],""end_type"":""never"",""count"":10}",b33f820f-a588-45e6-9291-d08e4816d8ef,f,30,,scheduled,2025-08-17 20:57:13.617+00,#9333ea
33a841cd-eef0-47bf-9bc2-52139059495e,2025-08-17 20:55:57.636339+00,2025-08-17 20:57:14.237975+00,8b8fd42a-aa5b-42b1-83ba-523e9f134d14,3c563dbe-f980-4f86-98c6-7a41c60f7699,Тест,,2026-05-05 13:00:00+00,60,,"{""pattern"":""custom_weekly"",""weekdays"":[2],""end_type"":""never"",""count"":10}",b33f820f-a588-45e6-9291-d08e4816d8ef,f,30,,scheduled,2025-08-17 20:57:13.617+00,#9333ea
c04884de-8bdf-4892-be83-14453128913b,2025-08-17 20:55:58.188107+00,2025-08-17 20:57:14.237975+00,8b8fd42a-aa5b-42b1-83ba-523e9f134d14,3c563dbe-f980-4f86-98c6-7a41c60f7699,Тест,,2026-05-19 13:00:00+00,60,,"{""pattern"":""custom_weekly"",""weekdays"":[2],""end_type"":""never"",""count"":10}",b33f820f-a588-45e6-9291-d08e4816d8ef,f,30,,scheduled,2025-08-17 20:57:13.617+00,#9333ea
9e5809ec-ac76-4243-bfee-1f2da395f77e,2025-08-17 20:55:58.808737+00,2025-08-17 20:57:14.237975+00,8b8fd42a-aa5b-42b1-83ba-523e9f134d14,3c563dbe-f980-4f86-98c6-7a41c60f7699,Тест,,2026-06-02 13:00:00+00,60,,"{""pattern"":""custom_weekly"",""weekdays"":[2],""end_type"":""never"",""count"":10}",b33f820f-a588-45e6-9291-d08e4816d8ef,f,30,,scheduled,2025-08-17 20:57:13.617+00,#9333ea
e2733239-3e7e-4d21-a019-1f778f202a3d,2025-08-17 20:56:32.015574+00,2025-08-17 20:58:58.860566+00,8b8fd42a-aa5b-42b1-83ba-523e9f134d14,3c563dbe-f980-4f86-98c6-7a41c60f7699,Тест 2,,2025-08-19 15:00:00+00,60,,"{""pattern"":""custom_weekly"",""weekdays"":[2],""end_type"":""never"",""count"":10}",,t,30,,scheduled,2025-08-17 20:58:58.484+00,#3b82f6
b53c37ac-cb14-40fa-b176-e2f3f22e40fc,2025-08-17 20:56:32.392887+00,2025-08-17 20:58:58.860566+00,8b8fd42a-aa5b-42b1-83ba-523e9f134d14,3c563dbe-f980-4f86-98c6-7a41c60f7699,Тест 2,,2025-08-26 15:00:00+00,60,,"{""pattern"":""custom_weekly"",""weekdays"":[2],""end_type"":""never"",""count"":10}",e2733239-3e7e-4d21-a019-1f778f202a3d,f,30,,scheduled,2025-08-17 20:58:58.484+00,#3b82f6
546d31a4-7b7f-417b-9b16-dfc8bcc95918,2025-08-17 20:56:32.595691+00,2025-08-17 20:58:58.860566+00,8b8fd42a-aa5b-42b1-83ba-523e9f134d14,3c563dbe-f980-4f86-98c6-7a41c60f7699,Тест 2,,2025-09-02 15:00:00+00,60,,"{""pattern"":""custom_weekly"",""weekdays"":[2],""end_type"":""never"",""count"":10}",e2733239-3e7e-4d21-a019-1f778f202a3d,f,30,,scheduled,2025-08-17 20:58:58.484+00,#3b82f6
41860ae7-684e-468b-9bd1-e861fd2db28c,2025-08-17 20:56:32.845756+00,2025-08-17 20:58:58.860566+00,8b8fd42a-aa5b-42b1-83ba-523e9f134d14,3c563dbe-f980-4f86-98c6-7a41c60f7699,Тест 2,,2025-09-09 15:00:00+00,60,,"{""pattern"":""custom_weekly"",""weekdays"":[2],""end_type"":""never"",""count"":10}",e2733239-3e7e-4d21-a019-1f778f202a3d,f,30,,scheduled,2025-08-17 20:58:58.484+00,#3b82f6
8d67d588-9a6c-4e05-a1b1-61786f51c0fa,2025-08-17 20:56:33.215495+00,2025-08-17 20:58:58.860566+00,8b8fd42a-aa5b-42b1-83ba-523e9f134d14,3c563dbe-f980-4f86-98c6-7a41c60f7699,Тест 2,,2025-09-16 15:00:00+00,60,,"{""pattern"":""custom_weekly"",""weekdays"":[2],""end_type"":""never"",""count"":10}",e2733239-3e7e-4d21-a019-1f778f202a3d,f,30,,scheduled,2025-08-17 20:58:58.484+00,#3b82f6
4b432e7b-6a74-45a5-81b5-92295229efb7,2025-08-17 20:56:33.499909+00,2025-08-17 20:58:58.860566+00,8b8fd42a-aa5b-42b1-83ba-523e9f134d14,3c563dbe-f980-4f86-98c6-7a41c60f7699,Тест 2,,2025-09-23 15:00:00+00,60,,"{""pattern"":""custom_weekly"",""weekdays"":[2],""end_type"":""never"",""count"":10}",e2733239-3e7e-4d21-a019-1f778f202a3d,f,30,,scheduled,2025-08-17 20:58:58.484+00,#3b82f6
c7b2b459-4dda-4ecc-9821-2098620bede3,2025-08-17 20:56:33.755361+00,2025-08-17 20:58:58.860566+00,8b8fd42a-aa5b-42b1-83ba-523e9f134d14,3c563dbe-f980-4f86-98c6-7a41c60f7699,Тест 2,,2025-09-30 15:00:00+00,60,,"{""pattern"":""custom_weekly"",""weekdays"":[2],""end_type"":""never"",""count"":10}",e2733239-3e7e-4d21-a019-1f778f202a3d,f,30,,scheduled,2025-08-17 20:58:58.484+00,#3b82f6
395d2276-778a-42f9-baa8-da7b3f8aabb5,2025-08-17 20:56:34.02528+00,2025-08-17 20:58:58.860566+00,8b8fd42a-aa5b-42b1-83ba-523e9f134d14,3c563dbe-f980-4f86-98c6-7a41c60f7699,Тест 2,,2025-10-07 15:00:00+00,60,,"{""pattern"":""custom_weekly"",""weekdays"":[2],""end_type"":""never"",""count"":10}",e2733239-3e7e-4d21-a019-1f778f202a3d,f,30,,scheduled,2025-08-17 20:58:58.484+00,#3b82f6
a973278b-2ab6-48cd-9e01-f295be69f73a,2025-08-17 20:56:34.317194+00,2025-08-17 20:58:58.860566+00,8b8fd42a-aa5b-42b1-83ba-523e9f134d14,3c563dbe-f980-4f86-98c6-7a41c60f7699,Тест 2,,2025-10-14 15:00:00+00,60,,"{""pattern"":""custom_weekly"",""weekdays"":[2],""end_type"":""never"",""count"":10}",e2733239-3e7e-4d21-a019-1f778f202a3d,f,30,,scheduled,2025-08-17 20:58:58.484+00,#3b82f6
f505ff31-fab6-4b1e-a9b1-7254d3233b2e,2025-08-17 20:56:34.563497+00,2025-08-17 20:58:58.860566+00,8b8fd42a-aa5b-42b1-83ba-523e9f134d14,3c563dbe-f980-4f86-98c6-7a41c60f7699,Тест 2,,2025-10-21 15:00:00+00,60,,"{""pattern"":""custom_weekly"",""weekdays"":[2],""end_type"":""never"",""count"":10}",e2733239-3e7e-4d21-a019-1f778f202a3d,f,30,,scheduled,2025-08-17 20:58:58.484+00,#3b82f6
e388d567-c003-4dc2-9fd3-b30546711ba3,2025-08-17 20:56:34.843724+00,2025-08-17 20:58:58.860566+00,8b8fd42a-aa5b-42b1-83ba-523e9f134d14,3c563dbe-f980-4f86-98c6-7a41c60f7699,Тест 2,,2025-10-28 15:00:00+00,60,,"{""pattern"":""custom_weekly"",""weekdays"":[2],""end_type"":""never"",""count"":10}",e2733239-3e7e-4d21-a019-1f778f202a3d,f,30,,scheduled,2025-08-17 20:58:58.484+00,#3b82f6
e64e3c45-d118-4854-b869-7a9c43810c57,2025-08-17 20:56:35.217963+00,2025-08-17 20:58:58.860566+00,8b8fd42a-aa5b-42b1-83ba-523e9f134d14,3c563dbe-f980-4f86-98c6-7a41c60f7699,Тест 2,,2025-11-04 15:00:00+00,60,,"{""pattern"":""custom_weekly"",""weekdays"":[2],""end_type"":""never"",""count"":10}",e2733239-3e7e-4d21-a019-1f778f202a3d,f,30,,scheduled,2025-08-17 20:58:58.484+00,#3b82f6
6dc95a3f-eb7a-42a0-b0b1-d92d43399f94,2025-08-17 20:56:35.494276+00,2025-08-17 20:58:58.860566+00,8b8fd42a-aa5b-42b1-83ba-523e9f134d14,3c563dbe-f980-4f86-98c6-7a41c60f7699,Тест 2,,2025-11-11 15:00:00+00,60,,"{""pattern"":""custom_weekly"",""weekdays"":[2],""end_type"":""never"",""count"":10}",e2733239-3e7e-4d21-a019-1f778f202a3d,f,30,,scheduled,2025-08-17 20:58:58.484+00,#3b82f6
23dbdd95-51f1-4cfa-a02c-6fa7bad43b37,2025-08-17 20:56:35.820919+00,2025-08-17 20:58:58.860566+00,8b8fd42a-aa5b-42b1-83ba-523e9f134d14,3c563dbe-f980-4f86-98c6-7a41c60f7699,Тест 2,,2025-11-18 15:00:00+00,60,,"{""pattern"":""custom_weekly"",""weekdays"":[2],""end_type"":""never"",""count"":10}",e2733239-3e7e-4d21-a019-1f778f202a3d,f,30,,scheduled,2025-08-17 20:58:58.484+00,#3b82f6
e195a2e5-f68b-4021-89b5-3a0b59e0b743,2025-08-17 20:56:36.048853+00,2025-08-17 20:58:58.860566+00,8b8fd42a-aa5b-42b1-83ba-523e9f134d14,3c563dbe-f980-4f86-98c6-7a41c60f7699,Тест 2,,2025-11-25 15:00:00+00,60,,"{""pattern"":""custom_weekly"",""weekdays"":[2],""end_type"":""never"",""count"":10}",e2733239-3e7e-4d21-a019-1f778f202a3d,f,30,,scheduled,2025-08-17 20:58:58.484+00,#3b82f6
a9ba6968-071a-4a12-b01c-3e4a748f5f96,2025-08-17 20:56:36.40281+00,2025-08-17 20:58:58.860566+00,8b8fd42a-aa5b-42b1-83ba-523e9f134d14,3c563dbe-f980-4f86-98c6-7a41c60f7699,Тест 2,,2025-12-02 15:00:00+00,60,,"{""pattern"":""custom_weekly"",""weekdays"":[2],""end_type"":""never"",""count"":10}",e2733239-3e7e-4d21-a019-1f778f202a3d,f,30,,scheduled,2025-08-17 20:58:58.484+00,#3b82f6
a8b9a374-ae85-49a3-9e83-b3e84fe6dd63,2025-08-17 20:56:41.716117+00,2025-08-17 20:58:58.860566+00,8b8fd42a-aa5b-42b1-83ba-523e9f134d14,3c563dbe-f980-4f86-98c6-7a41c60f7699,Тест 2,,2026-04-28 15:00:00+00,60,,"{""pattern"":""custom_weekly"",""weekdays"":[2],""end_type"":""never"",""count"":10}",e2733239-3e7e-4d21-a019-1f778f202a3d,f,30,,scheduled,2025-08-17 20:58:58.484+00,#3b82f6
3fd99423-9996-47f3-9dfb-d530e231e24f,2025-08-17 20:56:36.59826+00,2025-08-17 20:58:58.860566+00,8b8fd42a-aa5b-42b1-83ba-523e9f134d14,3c563dbe-f980-4f86-98c6-7a41c60f7699,Тест 2,,2025-12-09 15:00:00+00,60,,"{""pattern"":""custom_weekly"",""weekdays"":[2],""end_type"":""never"",""count"":10}",e2733239-3e7e-4d21-a019-1f778f202a3d,f,30,,scheduled,2025-08-17 20:58:58.484+00,#3b82f6
73acec09-5f04-4595-8c12-42c52f733a81,2025-08-17 20:56:37.05379+00,2025-08-17 20:58:58.860566+00,8b8fd42a-aa5b-42b1-83ba-523e9f134d14,3c563dbe-f980-4f86-98c6-7a41c60f7699,Тест 2,,2025-12-23 15:00:00+00,60,,"{""pattern"":""custom_weekly"",""weekdays"":[2],""end_type"":""never"",""count"":10}",e2733239-3e7e-4d21-a019-1f778f202a3d,f,30,,scheduled,2025-08-17 20:58:58.484+00,#3b82f6
270458e1-9d45-45c0-ab92-50b7e85b7e96,2025-08-17 20:56:42.010522+00,2025-08-17 20:58:58.860566+00,8b8fd42a-aa5b-42b1-83ba-523e9f134d14,3c563dbe-f980-4f86-98c6-7a41c60f7699,Тест 2,,2026-05-05 15:00:00+00,60,,"{""pattern"":""custom_weekly"",""weekdays"":[2],""end_type"":""never"",""count"":10}",e2733239-3e7e-4d21-a019-1f778f202a3d,f,30,,scheduled,2025-08-17 20:58:58.484+00,#3b82f6
bf7eeef6-f8c5-4d5b-a91a-41fc4f3fe950,2025-08-17 20:56:42.267275+00,2025-08-17 20:58:58.860566+00,8b8fd42a-aa5b-42b1-83ba-523e9f134d14,3c563dbe-f980-4f86-98c6-7a41c60f7699,Тест 2,,2026-05-12 15:00:00+00,60,,"{""pattern"":""custom_weekly"",""weekdays"":[2],""end_type"":""never"",""count"":10}",e2733239-3e7e-4d21-a019-1f778f202a3d,f,30,,scheduled,2025-08-17 20:58:58.484+00,#3b82f6
feb72c92-214d-4bb3-928d-8957a6af0978,2025-08-17 20:56:42.500475+00,2025-08-17 20:58:58.860566+00,8b8fd42a-aa5b-42b1-83ba-523e9f134d14,3c563dbe-f980-4f86-98c6-7a41c60f7699,Тест 2,,2026-05-19 15:00:00+00,60,,"{""pattern"":""custom_weekly"",""weekdays"":[2],""end_type"":""never"",""count"":10}",e2733239-3e7e-4d21-a019-1f778f202a3d,f,30,,scheduled,2025-08-17 20:58:58.484+00,#3b82f6
be2708b2-0ed2-4b54-8864-ac27d8c6f1e6,2025-08-17 20:56:42.823108+00,2025-08-17 20:58:58.860566+00,8b8fd42a-aa5b-42b1-83ba-523e9f134d14,3c563dbe-f980-4f86-98c6-7a41c60f7699,Тест 2,,2026-05-26 15:00:00+00,60,,"{""pattern"":""custom_weekly"",""weekdays"":[2],""end_type"":""never"",""count"":10}",e2733239-3e7e-4d21-a019-1f778f202a3d,f,30,,scheduled,2025-08-17 20:58:58.484+00,#3b82f6
e67296be-d0fd-497e-9a85-845ef9fbdf8b,2025-08-17 20:56:43.109216+00,2025-08-17 20:58:58.860566+00,8b8fd42a-aa5b-42b1-83ba-523e9f134d14,3c563dbe-f980-4f86-98c6-7a41c60f7699,Тест 2,,2026-06-02 15:00:00+00,60,,"{""pattern"":""custom_weekly"",""weekdays"":[2],""end_type"":""never"",""count"":10}",e2733239-3e7e-4d21-a019-1f778f202a3d,f,30,,scheduled,2025-08-17 20:58:58.484+00,#3b82f6
b520101b-9681-48be-a7cf-2ec5ae89849c,2025-08-17 20:56:43.409226+00,2025-08-17 20:58:58.860566+00,8b8fd42a-aa5b-42b1-83ba-523e9f134d14,3c563dbe-f980-4f86-98c6-7a41c60f7699,Тест 2,,2026-06-09 15:00:00+00,60,,"{""pattern"":""custom_weekly"",""weekdays"":[2],""end_type"":""never"",""count"":10}",e2733239-3e7e-4d21-a019-1f778f202a3d,f,30,,scheduled,2025-08-17 20:58:58.484+00,#3b82f6
7623e47d-5675-4b4f-946b-cd1c17d6778e,2025-08-17 20:56:43.655926+00,2025-08-17 20:58:58.860566+00,8b8fd42a-aa5b-42b1-83ba-523e9f134d14,3c563dbe-f980-4f86-98c6-7a41c60f7699,Тест 2,,2026-06-16 15:00:00+00,60,,"{""pattern"":""custom_weekly"",""weekdays"":[2],""end_type"":""never"",""count"":10}",e2733239-3e7e-4d21-a019-1f778f202a3d,f,30,,scheduled,2025-08-17 20:58:58.484+00,#3b82f6
2eaabf0f-6dbf-4988-b460-77926ecc1cd8,2025-08-17 20:56:43.961785+00,2025-08-17 20:58:58.860566+00,8b8fd42a-aa5b-42b1-83ba-523e9f134d14,3c563dbe-f980-4f86-98c6-7a41c60f7699,Тест 2,,2026-06-23 15:00:00+00,60,,"{""pattern"":""custom_weekly"",""weekdays"":[2],""end_type"":""never"",""count"":10}",e2733239-3e7e-4d21-a019-1f778f202a3d,f,30,,scheduled,2025-08-17 20:58:58.484+00,#3b82f6
c785e482-ce10-4f9d-9510-a4804fffbb0e,2025-08-17 20:56:44.186856+00,2025-08-17 20:58:58.860566+00,8b8fd42a-aa5b-42b1-83ba-523e9f134d14,3c563dbe-f980-4f86-98c6-7a41c60f7699,Тест 2,,2026-06-30 15:00:00+00,60,,"{""pattern"":""custom_weekly"",""weekdays"":[2],""end_type"":""never"",""count"":10}",e2733239-3e7e-4d21-a019-1f778f202a3d,f,30,,scheduled,2025-08-17 20:58:58.484+00,#3b82f6
261846cf-6c2d-4ac8-87a8-c3b521e0a4c9,2025-08-17 20:56:44.53436+00,2025-08-17 20:58:58.860566+00,8b8fd42a-aa5b-42b1-83ba-523e9f134d14,3c563dbe-f980-4f86-98c6-7a41c60f7699,Тест 2,,2026-07-07 15:00:00+00,60,,"{""pattern"":""custom_weekly"",""weekdays"":[2],""end_type"":""never"",""count"":10}",e2733239-3e7e-4d21-a019-1f778f202a3d,f,30,,scheduled,2025-08-17 20:58:58.484+00,#3b82f6
b41ddcd0-2248-4cd7-9950-1d8faccc52c7,2025-08-17 20:56:44.85105+00,2025-08-17 20:58:58.860566+00,8b8fd42a-aa5b-42b1-83ba-523e9f134d14,3c563dbe-f980-4f86-98c6-7a41c60f7699,Тест 2,,2026-07-14 15:00:00+00,60,,"{""pattern"":""custom_weekly"",""weekdays"":[2],""end_type"":""never"",""count"":10}",e2733239-3e7e-4d21-a019-1f778f202a3d,f,30,,scheduled,2025-08-17 20:58:58.484+00,#3b82f6
8d266f01-761f-4c67-88df-257c2cdc804d,2025-08-17 20:56:45.048583+00,2025-08-17 20:58:58.860566+00,8b8fd42a-aa5b-42b1-83ba-523e9f134d14,3c563dbe-f980-4f86-98c6-7a41c60f7699,Тест 2,,2026-07-21 15:00:00+00,60,,"{""pattern"":""custom_weekly"",""weekdays"":[2],""end_type"":""never"",""count"":10}",e2733239-3e7e-4d21-a019-1f778f202a3d,f,30,,scheduled,2025-08-17 20:58:58.484+00,#3b82f6
9416f8e0-3517-40e7-890a-d50ee29cd958,2025-08-17 20:56:45.323669+00,2025-08-17 20:58:58.860566+00,8b8fd42a-aa5b-42b1-83ba-523e9f134d14,3c563dbe-f980-4f86-98c6-7a41c60f7699,Тест 2,,2026-07-28 15:00:00+00,60,,"{""pattern"":""custom_weekly"",""weekdays"":[2],""end_type"":""never"",""count"":10}",e2733239-3e7e-4d21-a019-1f778f202a3d,f,30,,scheduled,2025-08-17 20:58:58.484+00,#3b82f6
1f908c22-39f3-45b8-a40b-9b1a4d1c6936,2025-08-17 21:11:21.612475+00,2025-08-17 21:13:18.630852+00,8b8fd42a-aa5b-42b1-83ba-523e9f134d14,3c563dbe-f980-4f86-98c6-7a41c60f7699,ТЕСТ,,2025-08-19 11:00:00+00,60,,"{""pattern"":""custom_weekly"",""weekdays"":[1,2],""end_type"":""count"",""count"":10}",a80d2656-4039-44ed-839b-7d29679da09e,f,30,,scheduled,2025-08-17 21:13:17.832+00,#ef4444
ca510f63-7de2-46d7-b245-80165b9099d1,2025-08-17 21:11:22.28127+00,2025-08-17 21:13:18.630852+00,8b8fd42a-aa5b-42b1-83ba-523e9f134d14,3c563dbe-f980-4f86-98c6-7a41c60f7699,ТЕСТ,,2025-08-26 11:00:00+00,60,,"{""pattern"":""custom_weekly"",""weekdays"":[1,2],""end_type"":""count"",""count"":10}",a80d2656-4039-44ed-839b-7d29679da09e,f,30,,scheduled,2025-08-17 21:13:17.832+00,#ef4444
bba389be-484c-4cec-995c-9bd96f113fe3,2025-08-17 21:11:22.910072+00,2025-08-17 21:13:18.630852+00,8b8fd42a-aa5b-42b1-83ba-523e9f134d14,3c563dbe-f980-4f86-98c6-7a41c60f7699,ТЕСТ,,2025-09-02 11:00:00+00,60,,"{""pattern"":""custom_weekly"",""weekdays"":[1,2],""end_type"":""count"",""count"":10}",a80d2656-4039-44ed-839b-7d29679da09e,f,30,,scheduled,2025-08-17 21:13:17.832+00,#ef4444
852e76df-2509-4e98-a403-1a39276de237,2025-08-17 21:11:23.573526+00,2025-08-17 21:13:18.630852+00,8b8fd42a-aa5b-42b1-83ba-523e9f134d14,3c563dbe-f980-4f86-98c6-7a41c60f7699,ТЕСТ,,2025-09-09 11:00:00+00,60,,"{""pattern"":""custom_weekly"",""weekdays"":[1,2],""end_type"":""count"",""count"":10}",a80d2656-4039-44ed-839b-7d29679da09e,f,30,,scheduled,2025-08-17 21:13:17.832+00,#ef4444
368959f7-2650-472b-bfb2-3ea8641f8d54,2025-08-17 21:11:24.214263+00,2025-08-17 21:13:18.630852+00,8b8fd42a-aa5b-42b1-83ba-523e9f134d14,3c563dbe-f980-4f86-98c6-7a41c60f7699,ТЕСТ,,2025-09-16 11:00:00+00,60,,"{""pattern"":""custom_weekly"",""weekdays"":[1,2],""end_type"":""count"",""count"":10}",a80d2656-4039-44ed-839b-7d29679da09e,f,30,,scheduled,2025-08-17 21:13:17.832+00,#ef4444
b33f820f-a588-45e6-9291-d08e4816d8ef,2025-08-17 20:55:46.387413+00,2025-08-17 20:57:14.237975+00,8b8fd42a-aa5b-42b1-83ba-523e9f134d14,3c563dbe-f980-4f86-98c6-7a41c60f7699,Тест,,2025-08-19 13:00:00+00,60,,"{""pattern"":""custom_weekly"",""weekdays"":[2],""end_type"":""never"",""count"":10}",,t,30,,scheduled,2025-08-17 20:57:13.617+00,#9333ea
fbddaaf3-79c5-41a6-afb0-fbb703d4fb35,2025-08-17 20:55:46.70806+00,2025-08-17 20:57:14.237975+00,8b8fd42a-aa5b-42b1-83ba-523e9f134d14,3c563dbe-f980-4f86-98c6-7a41c60f7699,Тест,,2025-08-26 13:00:00+00,60,,"{""pattern"":""custom_weekly"",""weekdays"":[2],""end_type"":""never"",""count"":10}",b33f820f-a588-45e6-9291-d08e4816d8ef,f,30,,scheduled,2025-08-17 20:57:13.617+00,#9333ea
391b70c1-a89a-479c-b1be-43870f1f2f6f,2025-08-17 20:55:47.029457+00,2025-08-17 20:57:14.237975+00,8b8fd42a-aa5b-42b1-83ba-523e9f134d14,3c563dbe-f980-4f86-98c6-7a41c60f7699,Тест,,2025-09-02 13:00:00+00,60,,"{""pattern"":""custom_weekly"",""weekdays"":[2],""end_type"":""never"",""count"":10}",b33f820f-a588-45e6-9291-d08e4816d8ef,f,30,,scheduled,2025-08-17 20:57:13.617+00,#9333ea
09b95fbc-e1bd-414b-9764-6390bada9021,2025-08-17 20:55:47.347645+00,2025-08-17 20:57:14.237975+00,8b8fd42a-aa5b-42b1-83ba-523e9f134d14,3c563dbe-f980-4f86-98c6-7a41c60f7699,Тест,,2025-09-09 13:00:00+00,60,,"{""pattern"":""custom_weekly"",""weekdays"":[2],""end_type"":""never"",""count"":10}",b33f820f-a588-45e6-9291-d08e4816d8ef,f,30,,scheduled,2025-08-17 20:57:13.617+00,#9333ea
a50e5b0a-5c25-46ef-aade-3168aa964d34,2025-08-17 20:55:47.658692+00,2025-08-17 20:57:14.237975+00,8b8fd42a-aa5b-42b1-83ba-523e9f134d14,3c563dbe-f980-4f86-98c6-7a41c60f7699,Тест,,2025-09-16 13:00:00+00,60,,"{""pattern"":""custom_weekly"",""weekdays"":[2],""end_type"":""never"",""count"":10}",b33f820f-a588-45e6-9291-d08e4816d8ef,f,30,,scheduled,2025-08-17 20:57:13.617+00,#9333ea
0dea1ea8-31c8-44f3-ad6a-810eaa61a023,2025-08-17 20:55:47.995541+00,2025-08-17 20:57:14.237975+00,8b8fd42a-aa5b-42b1-83ba-523e9f134d14,3c563dbe-f980-4f86-98c6-7a41c60f7699,Тест,,2025-09-23 13:00:00+00,60,,"{""pattern"":""custom_weekly"",""weekdays"":[2],""end_type"":""never"",""count"":10}",b33f820f-a588-45e6-9291-d08e4816d8ef,f,30,,scheduled,2025-08-17 20:57:13.617+00,#9333ea
61910c60-2726-4e29-8441-e4daf92c0bcd,2025-08-17 20:55:48.266498+00,2025-08-17 20:57:14.237975+00,8b8fd42a-aa5b-42b1-83ba-523e9f134d14,3c563dbe-f980-4f86-98c6-7a41c60f7699,Тест,,2025-09-30 13:00:00+00,60,,"{""pattern"":""custom_weekly"",""weekdays"":[2],""end_type"":""never"",""count"":10}",b33f820f-a588-45e6-9291-d08e4816d8ef,f,30,,scheduled,2025-08-17 20:57:13.617+00,#9333ea
a03ceadb-2c98-4bc8-b51f-49f2bbc967de,2025-08-17 20:55:48.580391+00,2025-08-17 20:57:14.237975+00,8b8fd42a-aa5b-42b1-83ba-523e9f134d14,3c563dbe-f980-4f86-98c6-7a41c60f7699,Тест,,2025-10-07 13:00:00+00,60,,"{""pattern"":""custom_weekly"",""weekdays"":[2],""end_type"":""never"",""count"":10}",b33f820f-a588-45e6-9291-d08e4816d8ef,f,30,,scheduled,2025-08-17 20:57:13.617+00,#9333ea
4405f267-3cea-4526-8b48-673ae4813cf6,2025-08-17 20:55:48.874482+00,2025-08-17 20:57:14.237975+00,8b8fd42a-aa5b-42b1-83ba-523e9f134d14,3c563dbe-f980-4f86-98c6-7a41c60f7699,Тест,,2025-10-14 13:00:00+00,60,,"{""pattern"":""custom_weekly"",""weekdays"":[2],""end_type"":""never"",""count"":10}",b33f820f-a588-45e6-9291-d08e4816d8ef,f,30,,scheduled,2025-08-17 20:57:13.617+00,#9333ea
66344258-84ad-4d60-afa2-47073eee0e2d,2025-08-17 20:55:49.125554+00,2025-08-17 20:57:14.237975+00,8b8fd42a-aa5b-42b1-83ba-523e9f134d14,3c563dbe-f980-4f86-98c6-7a41c60f7699,Тест,,2025-10-21 13:00:00+00,60,,"{""pattern"":""custom_weekly"",""weekdays"":[2],""end_type"":""never"",""count"":10}",b33f820f-a588-45e6-9291-d08e4816d8ef,f,30,,scheduled,2025-08-17 20:57:13.617+00,#9333ea
61977bb8-e7a6-42b6-a772-8aad88310a51,2025-08-17 20:55:49.411113+00,2025-08-17 20:57:14.237975+00,8b8fd42a-aa5b-42b1-83ba-523e9f134d14,3c563dbe-f980-4f86-98c6-7a41c60f7699,Тест,,2025-10-28 13:00:00+00,60,,"{""pattern"":""custom_weekly"",""weekdays"":[2],""end_type"":""never"",""count"":10}",b33f820f-a588-45e6-9291-d08e4816d8ef,f,30,,scheduled,2025-08-17 20:57:13.617+00,#9333ea
0a96464e-a608-4eb5-80e9-156405b638e3,2025-08-17 20:55:49.724193+00,2025-08-17 20:57:14.237975+00,8b8fd42a-aa5b-42b1-83ba-523e9f134d14,3c563dbe-f980-4f86-98c6-7a41c60f7699,Тест,,2025-11-04 13:00:00+00,60,,"{""pattern"":""custom_weekly"",""weekdays"":[2],""end_type"":""never"",""count"":10}",b33f820f-a588-45e6-9291-d08e4816d8ef,f,30,,scheduled,2025-08-17 20:57:13.617+00,#9333ea
40a76434-e289-4ccb-b4c2-4a34835d37fd,2025-08-17 20:55:49.989453+00,2025-08-17 20:57:14.237975+00,8b8fd42a-aa5b-42b1-83ba-523e9f134d14,3c563dbe-f980-4f86-98c6-7a41c60f7699,Тест,,2025-11-11 13:00:00+00,60,,"{""pattern"":""custom_weekly"",""weekdays"":[2],""end_type"":""never"",""count"":10}",b33f820f-a588-45e6-9291-d08e4816d8ef,f,30,,scheduled,2025-08-17 20:57:13.617+00,#9333ea
7b036e48-2ac8-4c70-9e22-f6225f8ef394,2025-08-17 20:55:50.211037+00,2025-08-17 20:57:14.237975+00,8b8fd42a-aa5b-42b1-83ba-523e9f134d14,3c563dbe-f980-4f86-98c6-7a41c60f7699,Тест,,2025-11-18 13:00:00+00,60,,"{""pattern"":""custom_weekly"",""weekdays"":[2],""end_type"":""never"",""count"":10}",b33f820f-a588-45e6-9291-d08e4816d8ef,f,30,,scheduled,2025-08-17 20:57:13.617+00,#9333ea
23b58697-ebba-434d-8748-bc6e1bc24968,2025-08-17 20:55:50.522678+00,2025-08-17 20:57:14.237975+00,8b8fd42a-aa5b-42b1-83ba-523e9f134d14,3c563dbe-f980-4f86-98c6-7a41c60f7699,Тест,,2025-11-25 13:00:00+00,60,,"{""pattern"":""custom_weekly"",""weekdays"":[2],""end_type"":""never"",""count"":10}",b33f820f-a588-45e6-9291-d08e4816d8ef,f,30,,scheduled,2025-08-17 20:57:13.617+00,#9333ea
4ae466ec-be75-4e77-9c69-3c476d3dbef6,2025-08-17 20:55:59.472817+00,2025-08-17 20:57:14.237975+00,8b8fd42a-aa5b-42b1-83ba-523e9f134d14,3c563dbe-f980-4f86-98c6-7a41c60f7699,Тест,,2026-06-16 13:00:00+00,60,,"{""pattern"":""custom_weekly"",""weekdays"":[2],""end_type"":""never"",""count"":10}",b33f820f-a588-45e6-9291-d08e4816d8ef,f,30,,scheduled,2025-08-17 20:57:13.617+00,#9333ea
c078858d-1dce-4d43-9dfb-c70f1d564f75,2025-08-17 20:56:00.039632+00,2025-08-17 20:57:14.237975+00,8b8fd42a-aa5b-42b1-83ba-523e9f134d14,3c563dbe-f980-4f86-98c6-7a41c60f7699,Тест,,2026-06-30 13:00:00+00,60,,"{""pattern"":""custom_weekly"",""weekdays"":[2],""end_type"":""never"",""count"":10}",b33f820f-a588-45e6-9291-d08e4816d8ef,f,30,,scheduled,2025-08-17 20:57:13.617+00,#9333ea
d905b9ab-e425-4fc4-a33f-8197b9e06657,2025-08-17 20:56:00.612645+00,2025-08-17 20:57:14.237975+00,8b8fd42a-aa5b-42b1-83ba-523e9f134d14,3c563dbe-f980-4f86-98c6-7a41c60f7699,Тест,,2026-07-14 13:00:00+00,60,,"{""pattern"":""custom_weekly"",""weekdays"":[2],""end_type"":""never"",""count"":10}",b33f820f-a588-45e6-9291-d08e4816d8ef,f,30,,scheduled,2025-08-17 20:57:13.617+00,#9333ea
1088d61c-24bf-4dec-90fb-12db9b27672e,2025-08-17 20:56:01.309725+00,2025-08-17 20:57:14.237975+00,8b8fd42a-aa5b-42b1-83ba-523e9f134d14,3c563dbe-f980-4f86-98c6-7a41c60f7699,Тест,,2026-07-28 13:00:00+00,60,,"{""pattern"":""custom_weekly"",""weekdays"":[2],""end_type"":""never"",""count"":10}",b33f820f-a588-45e6-9291-d08e4816d8ef,f,30,,scheduled,2025-08-17 20:57:13.617+00,#9333ea
ff21fb8c-0613-4910-8629-501023c62170,2025-08-17 20:55:51.162847+00,2025-08-17 20:57:14.237975+00,8b8fd42a-aa5b-42b1-83ba-523e9f134d14,3c563dbe-f980-4f86-98c6-7a41c60f7699,Тест,,2025-12-09 13:00:00+00,60,,"{""pattern"":""custom_weekly"",""weekdays"":[2],""end_type"":""never"",""count"":10}",b33f820f-a588-45e6-9291-d08e4816d8ef,f,30,,scheduled,2025-08-17 20:57:13.617+00,#9333ea
bf36ef83-a7bc-444c-98b5-03522a00b5a8,2025-08-17 20:55:51.825681+00,2025-08-17 20:57:14.237975+00,8b8fd42a-aa5b-42b1-83ba-523e9f134d14,3c563dbe-f980-4f86-98c6-7a41c60f7699,Тест,,2025-12-23 13:00:00+00,60,,"{""pattern"":""custom_weekly"",""weekdays"":[2],""end_type"":""never"",""count"":10}",b33f820f-a588-45e6-9291-d08e4816d8ef,f,30,,scheduled,2025-08-17 20:57:13.617+00,#9333ea
f827ea31-c0c3-4230-a7aa-4b6f81cc7f25,2025-08-17 20:55:52.441724+00,2025-08-17 20:57:14.237975+00,8b8fd42a-aa5b-42b1-83ba-523e9f134d14,3c563dbe-f980-4f86-98c6-7a41c60f7699,Тест,,2026-01-06 13:00:00+00,60,,"{""pattern"":""custom_weekly"",""weekdays"":[2],""end_type"":""never"",""count"":10}",b33f820f-a588-45e6-9291-d08e4816d8ef,f,30,,scheduled,2025-08-17 20:57:13.617+00,#9333ea
e26aae61-8745-4217-a035-edf10789b38f,2025-08-17 20:55:53.036132+00,2025-08-17 20:57:14.237975+00,8b8fd42a-aa5b-42b1-83ba-523e9f134d14,3c563dbe-f980-4f86-98c6-7a41c60f7699,Тест,,2026-01-20 13:00:00+00,60,,"{""pattern"":""custom_weekly"",""weekdays"":[2],""end_type"":""never"",""count"":10}",b33f820f-a588-45e6-9291-d08e4816d8ef,f,30,,scheduled,2025-08-17 20:57:13.617+00,#9333ea
157adc42-eace-4e94-b82b-c517de425028,2025-08-17 20:55:53.680319+00,2025-08-17 20:57:14.237975+00,8b8fd42a-aa5b-42b1-83ba-523e9f134d14,3c563dbe-f980-4f86-98c6-7a41c60f7699,Тест,,2026-02-03 13:00:00+00,60,,"{""pattern"":""custom_weekly"",""weekdays"":[2],""end_type"":""never"",""count"":10}",b33f820f-a588-45e6-9291-d08e4816d8ef,f,30,,scheduled,2025-08-17 20:57:13.617+00,#9333ea
e2cb805f-637a-4efe-90aa-c069a89640c7,2025-08-17 20:55:54.385214+00,2025-08-17 20:57:14.237975+00,8b8fd42a-aa5b-42b1-83ba-523e9f134d14,3c563dbe-f980-4f86-98c6-7a41c60f7699,Тест,,2026-02-17 13:00:00+00,60,,"{""pattern"":""custom_weekly"",""weekdays"":[2],""end_type"":""never"",""count"":10}",b33f820f-a588-45e6-9291-d08e4816d8ef,f,30,,scheduled,2025-08-17 20:57:13.617+00,#9333ea
2e77770a-82ec-4030-84e6-08917803be6c,2025-08-17 20:55:55.014221+00,2025-08-17 20:57:14.237975+00,8b8fd42a-aa5b-42b1-83ba-523e9f134d14,3c563dbe-f980-4f86-98c6-7a41c60f7699,Тест,,2026-03-03 13:00:00+00,60,,"{""pattern"":""custom_weekly"",""weekdays"":[2],""end_type"":""never"",""count"":10}",b33f820f-a588-45e6-9291-d08e4816d8ef,f,30,,scheduled,2025-08-17 20:57:13.617+00,#9333ea
02549f7d-1341-4d38-a61c-2387c8456456,2025-08-17 20:55:55.571461+00,2025-08-17 20:57:14.237975+00,8b8fd42a-aa5b-42b1-83ba-523e9f134d14,3c563dbe-f980-4f86-98c6-7a41c60f7699,Тест,,2026-03-17 13:00:00+00,60,,"{""pattern"":""custom_weekly"",""weekdays"":[2],""end_type"":""never"",""count"":10}",b33f820f-a588-45e6-9291-d08e4816d8ef,f,30,,scheduled,2025-08-17 20:57:13.617+00,#9333ea
6fa9052f-62b3-4794-b387-1e23384db93b,2025-08-17 20:55:56.226359+00,2025-08-17 20:57:14.237975+00,8b8fd42a-aa5b-42b1-83ba-523e9f134d14,3c563dbe-f980-4f86-98c6-7a41c60f7699,Тест,,2026-03-31 13:00:00+00,60,,"{""pattern"":""custom_weekly"",""weekdays"":[2],""end_type"":""never"",""count"":10}",b33f820f-a588-45e6-9291-d08e4816d8ef,f,30,,scheduled,2025-08-17 20:57:13.617+00,#9333ea
e6e57ecc-296a-4013-a9cf-9145515052fc,2025-08-17 20:55:56.858314+00,2025-08-17 20:57:14.237975+00,8b8fd42a-aa5b-42b1-83ba-523e9f134d14,3c563dbe-f980-4f86-98c6-7a41c60f7699,Тест,,2026-04-14 13:00:00+00,60,,"{""pattern"":""custom_weekly"",""weekdays"":[2],""end_type"":""never"",""count"":10}",b33f820f-a588-45e6-9291-d08e4816d8ef,f,30,,scheduled,2025-08-17 20:57:13.617+00,#9333ea
e0020005-003c-4827-91fb-c099dd6dd942,2025-08-17 20:55:57.415167+00,2025-08-17 20:57:14.237975+00,8b8fd42a-aa5b-42b1-83ba-523e9f134d14,3c563dbe-f980-4f86-98c6-7a41c60f7699,Тест,,2026-04-28 13:00:00+00,60,,"{""pattern"":""custom_weekly"",""weekdays"":[2],""end_type"":""never"",""count"":10}",b33f820f-a588-45e6-9291-d08e4816d8ef,f,30,,scheduled,2025-08-17 20:57:13.617+00,#9333ea
024980f7-ede8-4aa6-a3aa-b31090f7fc5c,2025-08-17 20:55:57.923024+00,2025-08-17 20:57:14.237975+00,8b8fd42a-aa5b-42b1-83ba-523e9f134d14,3c563dbe-f980-4f86-98c6-7a41c60f7699,Тест,,2026-05-12 13:00:00+00,60,,"{""pattern"":""custom_weekly"",""weekdays"":[2],""end_type"":""never"",""count"":10}",b33f820f-a588-45e6-9291-d08e4816d8ef,f,30,,scheduled,2025-08-17 20:57:13.617+00,#9333ea
78a597fd-a6e6-4a53-89f1-916a9b630082,2025-08-17 20:55:58.503026+00,2025-08-17 20:57:14.237975+00,8b8fd42a-aa5b-42b1-83ba-523e9f134d14,3c563dbe-f980-4f86-98c6-7a41c60f7699,Тест,,2026-05-26 13:00:00+00,60,,"{""pattern"":""custom_weekly"",""weekdays"":[2],""end_type"":""never"",""count"":10}",b33f820f-a588-45e6-9291-d08e4816d8ef,f,30,,scheduled,2025-08-17 20:57:13.617+00,#9333ea
ada4eb8f-7060-4fcc-983e-e07cefc593c1,2025-08-17 20:55:59.175845+00,2025-08-17 20:57:14.237975+00,8b8fd42a-aa5b-42b1-83ba-523e9f134d14,3c563dbe-f980-4f86-98c6-7a41c60f7699,Тест,,2026-06-09 13:00:00+00,60,,"{""pattern"":""custom_weekly"",""weekdays"":[2],""end_type"":""never"",""count"":10}",b33f820f-a588-45e6-9291-d08e4816d8ef,f,30,,scheduled,2025-08-17 20:57:13.617+00,#9333ea
066deaea-9aa4-4bce-883c-b5619d484104,2025-08-17 20:55:59.734631+00,2025-08-17 20:57:14.237975+00,8b8fd42a-aa5b-42b1-83ba-523e9f134d14,3c563dbe-f980-4f86-98c6-7a41c60f7699,Тест,,2026-06-23 13:00:00+00,60,,"{""pattern"":""custom_weekly"",""weekdays"":[2],""end_type"":""never"",""count"":10}",b33f820f-a588-45e6-9291-d08e4816d8ef,f,30,,scheduled,2025-08-17 20:57:13.617+00,#9333ea
ecc608a1-a65c-4939-b786-f65263c9789e,2025-08-17 20:56:00.345053+00,2025-08-17 20:57:14.237975+00,8b8fd42a-aa5b-42b1-83ba-523e9f134d14,3c563dbe-f980-4f86-98c6-7a41c60f7699,Тест,,2026-07-07 13:00:00+00,60,,"{""pattern"":""custom_weekly"",""weekdays"":[2],""end_type"":""never"",""count"":10}",b33f820f-a588-45e6-9291-d08e4816d8ef,f,30,,scheduled,2025-08-17 20:57:13.617+00,#9333ea
cd65b6d2-f162-4d55-9c57-ea1cbb97860d,2025-08-17 20:56:00.896496+00,2025-08-17 20:57:14.237975+00,8b8fd42a-aa5b-42b1-83ba-523e9f134d14,3c563dbe-f980-4f86-98c6-7a41c60f7699,Тест,,2026-07-21 13:00:00+00,60,,"{""pattern"":""custom_weekly"",""weekdays"":[2],""end_type"":""never"",""count"":10}",b33f820f-a588-45e6-9291-d08e4816d8ef,f,30,,scheduled,2025-08-17 20:57:13.617+00,#9333ea
3c3638f6-4129-4421-a8c0-7e5ba8e7e339,2025-08-17 21:08:54.864367+00,2025-08-17 21:08:54.864367+00,8b8fd42a-aa5b-42b1-83ba-523e9f134d14,3c563dbe-f980-4f86-98c6-7a41c60f7699,тест нью,,2025-08-17 23:05:00+00,60,,"{""pattern"":""custom_weekly"",""weekdays"":[1],""end_type"":""count"",""count"":12}",,t,30,,scheduled,,#3b82f6
a80d2656-4039-44ed-839b-7d29679da09e,2025-08-17 21:11:21.324217+00,2025-08-17 21:12:03.403292+00,8b8fd42a-aa5b-42b1-83ba-523e9f134d14,3c563dbe-f980-4f86-98c6-7a41c60f7699,ТЕСТ,,2025-08-18 11:00:00+00,60,,"{""pattern"":""custom_weekly"",""weekdays"":[1,2],""end_type"":""count"",""count"":10}",,t,30,,scheduled,2025-08-17 21:12:02.701+00,#ef4444
f3704d9d-fd52-464d-86cc-21e121dc17b9,2025-08-17 21:08:55.51698+00,2025-08-17 21:13:18.630852+00,8b8fd42a-aa5b-42b1-83ba-523e9f134d14,3c563dbe-f980-4f86-98c6-7a41c60f7699,тест нью,,2025-08-31 23:05:00+00,60,,"{""pattern"":""custom_weekly"",""weekdays"":[1],""end_type"":""count"",""count"":12}",3c3638f6-4129-4421-a8c0-7e5ba8e7e339,f,30,,scheduled,2025-08-17 21:13:17.832+00,#3b82f6
9e0ddcc9-e51c-42d6-a9dc-3b8b4ae47d30,2025-08-17 21:08:56.063283+00,2025-08-17 21:13:18.630852+00,8b8fd42a-aa5b-42b1-83ba-523e9f134d14,3c563dbe-f980-4f86-98c6-7a41c60f7699,тест нью,,2025-09-14 23:05:00+00,60,,"{""pattern"":""custom_weekly"",""weekdays"":[1],""end_type"":""count"",""count"":12}",3c3638f6-4129-4421-a8c0-7e5ba8e7e339,f,30,,scheduled,2025-08-17 21:13:17.832+00,#3b82f6
5fa7eff3-1e21-4ed5-8a99-651cd91459af,2025-08-17 21:08:56.710489+00,2025-08-17 21:13:18.630852+00,8b8fd42a-aa5b-42b1-83ba-523e9f134d14,3c563dbe-f980-4f86-98c6-7a41c60f7699,тест нью,,2025-09-28 23:05:00+00,60,,"{""pattern"":""custom_weekly"",""weekdays"":[1],""end_type"":""count"",""count"":12}",3c3638f6-4129-4421-a8c0-7e5ba8e7e339,f,30,,scheduled,2025-08-17 21:13:17.832+00,#3b82f6
659bd303-9b04-407b-9d2c-b7eb3347d505,2025-08-17 21:08:57.301696+00,2025-08-17 21:13:18.630852+00,8b8fd42a-aa5b-42b1-83ba-523e9f134d14,3c563dbe-f980-4f86-98c6-7a41c60f7699,тест нью,,2025-10-12 23:05:00+00,60,,"{""pattern"":""custom_weekly"",""weekdays"":[1],""end_type"":""count"",""count"":12}",3c3638f6-4129-4421-a8c0-7e5ba8e7e339,f,30,,scheduled,2025-08-17 21:13:17.832+00,#3b82f6
41929c0a-2328-433e-abfe-d3b145627e55,2025-08-17 21:08:57.941036+00,2025-08-17 21:13:18.630852+00,8b8fd42a-aa5b-42b1-83ba-523e9f134d14,3c563dbe-f980-4f86-98c6-7a41c60f7699,тест нью,,2025-10-26 23:05:00+00,60,,"{""pattern"":""custom_weekly"",""weekdays"":[1],""end_type"":""count"",""count"":12}",3c3638f6-4129-4421-a8c0-7e5ba8e7e339,f,30,,scheduled,2025-08-17 21:13:17.832+00,#3b82f6
